{
  "psnr_per_view": [
    27.81601905822754,
    26.06747055053711,
    25.426786422729492,
    25.656539916992188,
    25.867816925048828,
    26.16119384765625,
    26.577571868896484,
    26.874025344848633,
    26.631649017333984,
    26.70553207397461,
    26.47127914428711,
    26.592817306518555,
    26.027164459228516,
    25.4929256439209,
    24.78527069091797,
    24.48244285583496,
    24.714275360107422,
    24.652673721313477,
    24.70685577392578,
    25.03082275390625,
    24.855688095092773,
    24.268569946289062,
    24.304397583007812,
    24.826313018798828,
    24.63747787475586,
    24.960323333740234,
    25.488231658935547,
    26.361759185791016,
    26.81451416015625,
    26.50325584411621,
    26.480308532714844,
    26.562435150146484,
    26.28702163696289,
    25.861927032470703,
    25.69583511352539,
    25.625333786010742,
    25.438528060913086,
    25.38478660583496,
    25.42984962463379,
    27.853681564331055
  ],
  "psnr_mean": 25.75953426361084,
  "num_views_evaluated": 40
}